<odoo>
    <data>

             <record id="object0" model="departamento.departamento">
       .        <field name="name">Chinoca 0</field>

          --   </record>

        --   <record id="object1" model="departamento.departamento"> -->
      --        <field name="name">Dr.Manuel Belgrano 1</field> -->

          --   </record>
        <!--  -->
        <!--   <record id="object2" model="departamento.departamento"> -->
        <!--     <field name="name">Object 2</field> -->
        <!--     <field name="value">20</field> -->
        <!--   </record> -->
        <!--  -->
        <!--   <record id="object3" model="departamento.departamento"> -->
        <!--     <field name="name">Object 3</field> -->
        <!--     <field name="value">30</field> -->
        <!--   </record> -->
        <!--  -->
        <!--   <record id="object4" model="departamento.departamento"> -->
        <!--     <field name="name">Object 4</field> -->
        <!--     <field name="value">40</field> -->
        <!--   </record> -->
    </data>
</odoo>